[{"model": "admin.logentry", "pk": 1, "fields": {"action_time": "2024-08-19T01:23:30.280Z", "user": 1, "content_type": 8, "object_id": "1", "object_repr": "18774c3da3d203ca465756115f683bd657272d6d", "action_flag": 3, "change_message": ""}}, {"model": "admin.logentry", "pk": 2, "fields": {"action_time": "2024-08-20T17:46:02.011Z", "user": 1, "content_type": 9, "object_id": "1", "object_repr": "Watchlist object (1)", "action_flag": 1, "change_message": "[{\"added\": {}}]"}}, {"model": "admin.logentry", "pk": 3, "fields": {"action_time": "2024-08-20T17:46:14.260Z", "user": 1, "content_type": 10, "object_id": "1", "object_repr": "Stock object (1)", "action_flag": 1, "change_message": "[{\"added\": {}}]"}}, {"model": "admin.logentry", "pk": 4, "fields": {"action_time": "2024-08-20T17:46:30.013Z", "user": 1, "content_type": 10, "object_id": "2", "object_repr": "Stock object (2)", "action_flag": 1, "change_message": "[{\"added\": {}}]"}}, {"model": "admin.logentry", "pk": 5, "fields": {"action_time": "2024-08-20T17:46:42.057Z", "user": 1, "content_type": 10, "object_id": "3", "object_repr": "Stock object (3)", "action_flag": 1, "change_message": "[{\"added\": {}}]"}}, {"model": "admin.logentry", "pk": 6, "fields": {"action_time": "2024-08-20T17:47:12.845Z", "user": 1, "content_type": 9, "object_id": "1", "object_repr": "Watchlist object (1)", "action_flag": 2, "change_message": "[{\"changed\": {\"fields\": [\"Stocks\"]}}]"}}, {"model": "admin.logentry", "pk": 7, "fields": {"action_time": "2024-08-20T17:47:14.893Z", "user": 1, "content_type": 9, "object_id": "1", "object_repr": "Watchlist object (1)", "action_flag": 2, "change_message": "[]"}}, {"model": "admin.logentry", "pk": 8, "fields": {"action_time": "2024-08-20T17:47:30.179Z", "user": 1, "content_type": 9, "object_id": "2", "object_repr": "Watchlist object (2)", "action_flag": 1, "change_message": "[{\"added\": {}}]"}}, {"model": "admin.logentry", "pk": 9, "fields": {"action_time": "2024-08-20T17:50:20.197Z", "user": 1, "content_type": 9, "object_id": "2", "object_repr": "Watchlist object (2)", "action_flag": 2, "change_message": "[{\"changed\": {\"fields\": [\"Stocks\"]}}]"}}, {"model": "admin.logentry", "pk": 10, "fields": {"action_time": "2024-08-20T17:50:28.610Z", "user": 1, "content_type": 9, "object_id": "2", "object_repr": "Watchlist object (2)", "action_flag": 2, "change_message": "[]"}}, {"model": "admin.logentry", "pk": 11, "fields": {"action_time": "2024-08-20T17:50:34.510Z", "user": 1, "content_type": 9, "object_id": "1", "object_repr": "Watchlist object (1)", "action_flag": 2, "change_message": "[{\"changed\": {\"fields\": [\"Stocks\"]}}]"}}, {"model": "admin.logentry", "pk": 12, "fields": {"action_time": "2024-08-20T17:50:36.628Z", "user": 1, "content_type": 9, "object_id": "1", "object_repr": "Watchlist object (1)", "action_flag": 2, "change_message": "[]"}}, {"model": "admin.logentry", "pk": 13, "fields": {"action_time": "2024-08-20T17:50:38.243Z", "user": 1, "content_type": 9, "object_id": "2", "object_repr": "Watchlist object (2)", "action_flag": 2, "change_message": "[]"}}, {"model": "admin.logentry", "pk": 14, "fields": {"action_time": "2024-08-20T18:41:23.174Z", "user": 1, "content_type": 8, "object_id": "1", "object_repr": "75e49d1c7eaec02473f20fe420cadc4fc373aa81", "action_flag": 3, "change_message": ""}}, {"model": "admin.logentry", "pk": 15, "fields": {"action_time": "2024-08-20T19:03:02.931Z", "user": 1, "content_type": 8, "object_id": "1", "object_repr": "d7a25f6daf76e97045ec785c501f4fb93173ce4b", "action_flag": 3, "change_message": ""}}, {"model": "admin.logentry", "pk": 16, "fields": {"action_time": "2024-08-20T19:05:52.832Z", "user": 1, "content_type": 8, "object_id": "1", "object_repr": "72d600e67f10779218e7186e44632d9c526e6d9b", "action_flag": 3, "change_message": ""}}, {"model": "admin.logentry", "pk": 17, "fields": {"action_time": "2024-08-20T22:46:17.933Z", "user": 1, "content_type": 8, "object_id": "1", "object_repr": "13b079c09bd761f26d35b3455381564677d28c04", "action_flag": 3, "change_message": ""}}, {"model": "admin.logentry", "pk": 18, "fields": {"action_time": "2024-08-29T00:48:42.061Z", "user": 1, "content_type": 9, "object_id": "3", "object_repr": "Watchlist object (3)", "action_flag": 1, "change_message": "[{\"added\": {}}]"}}, {"model": "admin.logentry", "pk": 19, "fields": {"action_time": "2024-09-05T14:07:07.610Z", "user": 1, "content_type": 11, "object_id": "1", "object_repr": "UserProfile object (1)", "action_flag": 1, "change_message": "[{\"added\": {}}]"}}, {"model": "admin.logentry", "pk": 20, "fields": {"action_time": "2024-09-05T14:07:18.519Z", "user": 1, "content_type": 9, "object_id": "1", "object_repr": "Watchlist object (1)", "action_flag": 2, "change_message": "[{\"changed\": {\"fields\": [\"Name\"]}}]"}}, {"model": "admin.logentry", "pk": 21, "fields": {"action_time": "2024-09-05T14:07:23.400Z", "user": 1, "content_type": 11, "object_id": "1", "object_repr": "UserProfile object (1)", "action_flag": 2, "change_message": "[]"}}, {"model": "admin.logentry", "pk": 22, "fields": {"action_time": "2024-09-05T14:37:52.850Z", "user": 1, "content_type": 9, "object_id": "3", "object_repr": "Watchlist object (3)", "action_flag": 3, "change_message": ""}}, {"model": "admin.logentry", "pk": 23, "fields": {"action_time": "2024-09-05T14:37:55.951Z", "user": 1, "content_type": 9, "object_id": "1", "object_repr": "Watchlist object (1)", "action_flag": 2, "change_message": "[]"}}, {"model": "admin.logentry", "pk": 24, "fields": {"action_time": "2024-09-05T14:38:41.057Z", "user": 1, "content_type": 9, "object_id": "2", "object_repr": "Watchlist object (2)", "action_flag": 2, "change_message": "[]"}}, {"model": "admin.logentry", "pk": 25, "fields": {"action_time": "2024-09-05T14:38:43.429Z", "user": 1, "content_type": 9, "object_id": "1", "object_repr": "Watchlist object (1)", "action_flag": 2, "change_message": "[]"}}, {"model": "admin.logentry", "pk": 26, "fields": {"action_time": "2024-09-05T14:38:56.684Z", "user": 1, "content_type": 9, "object_id": "2", "object_repr": "Watchlist object (2)", "action_flag": 2, "change_message": "[{\"changed\": {\"fields\": [\"Name\"]}}]"}}, {"model": "admin.logentry", "pk": 27, "fields": {"action_time": "2024-09-05T17:43:36.607Z", "user": 1, "content_type": 9, "object_id": "4", "object_repr": "Watchlist object (4)", "action_flag": 1, "change_message": "[{\"added\": {}}]"}}, {"model": "admin.logentry", "pk": 28, "fields": {"action_time": "2024-09-05T17:45:10.283Z", "user": 1, "content_type": 9, "object_id": "4", "object_repr": "Watchlist object (4)", "action_flag": 2, "change_message": "[]"}}, {"model": "admin.logentry", "pk": 29, "fields": {"action_time": "2024-09-11T14:44:21.298Z", "user": 1, "content_type": 10, "object_id": "3", "object_repr": "Stock object (3)", "action_flag": 2, "change_message": "[]"}}, {"model": "admin.logentry", "pk": 30, "fields": {"action_time": "2024-10-13T01:47:39.433Z", "user": 1, "content_type": 9, "object_id": "4", "object_repr": "Watchlist object (4)", "action_flag": 2, "change_message": "[{\"changed\": {\"fields\": [\"Name\"]}}]"}}, {"model": "admin.logentry", "pk": 31, "fields": {"action_time": "2024-10-13T01:53:37.442Z", "user": 1, "content_type": 9, "object_id": "4", "object_repr": "Watchlist object (4)", "action_flag": 2, "change_message": "[{\"changed\": {\"fields\": [\"Stocks\"]}}]"}}, {"model": "admin.logentry", "pk": 32, "fields": {"action_time": "2024-10-13T02:03:31.229Z", "user": 1, "content_type": 9, "object_id": "4", "object_repr": "Watchlist object (4)", "action_flag": 2, "change_message": "[{\"changed\": {\"fields\": [\"Stocks\"]}}]"}}, {"model": "admin.logentry", "pk": 33, "fields": {"action_time": "2024-10-13T02:39:15.717Z", "user": 1, "content_type": 9, "object_id": "2", "object_repr": "Watchlist object (2)", "action_flag": 2, "change_message": "[{\"changed\": {\"fields\": [\"Stocks\"]}}]"}}, {"model": "admin.logentry", "pk": 34, "fields": {"action_time": "2024-10-13T02:39:18.714Z", "user": 1, "content_type": 9, "object_id": "2", "object_repr": "Watchlist object (2)", "action_flag": 2, "change_message": "[]"}}, {"model": "admin.logentry", "pk": 35, "fields": {"action_time": "2024-10-13T02:39:26.551Z", "user": 1, "content_type": 9, "object_id": "1", "object_repr": "Watchlist object (1)", "action_flag": 2, "change_message": "[{\"changed\": {\"fields\": [\"Stocks\"]}}]"}}, {"model": "admin.logentry", "pk": 36, "fields": {"action_time": "2024-10-13T04:24:42.368Z", "user": 1, "content_type": 9, "object_id": "7", "object_repr": "Watchlist object (7)", "action_flag": 2, "change_message": "[]"}}, {"model": "admin.logentry", "pk": 37, "fields": {"action_time": "2024-10-13T04:24:44.864Z", "user": 1, "content_type": 9, "object_id": "4", "object_repr": "Watchlist object (4)", "action_flag": 2, "change_message": "[]"}}, {"model": "admin.logentry", "pk": 38, "fields": {"action_time": "2024-10-13T04:45:39.775Z", "user": 1, "content_type": 9, "object_id": "7", "object_repr": "Watchlist object (7)", "action_flag": 2, "change_message": "[]"}}, {"model": "admin.logentry", "pk": 39, "fields": {"action_time": "2024-10-13T04:45:43.528Z", "user": 1, "content_type": 9, "object_id": "4", "object_repr": "Watchlist object (4)", "action_flag": 2, "change_message": "[]"}}, {"model": "admin.logentry", "pk": 40, "fields": {"action_time": "2024-10-13T04:45:46.070Z", "user": 1, "content_type": 9, "object_id": "2", "object_repr": "Watchlist object (2)", "action_flag": 2, "change_message": "[]"}}, {"model": "admin.logentry", "pk": 41, "fields": {"action_time": "2024-10-13T04:45:48.361Z", "user": 1, "content_type": 9, "object_id": "1", "object_repr": "Watchlist object (1)", "action_flag": 2, "change_message": "[]"}}, {"model": "admin.logentry", "pk": 42, "fields": {"action_time": "2024-10-13T04:54:03.941Z", "user": 1, "content_type": 9, "object_id": "7", "object_repr": "Watchlist object (7)", "action_flag": 2, "change_message": "[]"}}, {"model": "admin.logentry", "pk": 43, "fields": {"action_time": "2024-10-13T04:54:09.621Z", "user": 1, "content_type": 9, "object_id": "7", "object_repr": "Watchlist object (7)", "action_flag": 2, "change_message": "[]"}}, {"model": "admin.logentry", "pk": 44, "fields": {"action_time": "2024-10-13T04:54:19.478Z", "user": 1, "content_type": 9, "object_id": "7", "object_repr": "Watchlist object (7)", "action_flag": 2, "change_message": "[]"}}, {"model": "admin.logentry", "pk": 45, "fields": {"action_time": "2024-10-13T05:33:17.320Z", "user": 1, "content_type": 4, "object_id": "3", "object_repr": "saitejv", "action_flag": 3, "change_message": ""}}, {"model": "admin.logentry", "pk": 46, "fields": {"action_time": "2024-10-13T05:35:43.070Z", "user": 1, "content_type": 4, "object_id": "4", "object_repr": "saitejv", "action_flag": 3, "change_message": ""}}, {"model": "admin.logentry", "pk": 47, "fields": {"action_time": "2024-10-13T05:37:19.737Z", "user": 1, "content_type": 4, "object_id": "5", "object_repr": "saitejv", "action_flag": 3, "change_message": ""}}, {"model": "admin.logentry", "pk": 48, "fields": {"action_time": "2024-10-13T05:38:36.113Z", "user": 1, "content_type": 4, "object_id": "6", "object_repr": "saitejv", "action_flag": 3, "change_message": ""}}, {"model": "admin.logentry", "pk": 49, "fields": {"action_time": "2024-10-13T05:39:47.546Z", "user": 1, "content_type": 4, "object_id": "7", "object_repr": "saitejv", "action_flag": 3, "change_message": ""}}, {"model": "admin.logentry", "pk": 50, "fields": {"action_time": "2024-10-13T05:42:40.248Z", "user": 1, "content_type": 4, "object_id": "8", "object_repr": "saitejv", "action_flag": 3, "change_message": ""}}, {"model": "admin.logentry", "pk": 51, "fields": {"action_time": "2024-10-13T19:09:41.022Z", "user": 1, "content_type": 9, "object_id": "10", "object_repr": "Watchlist object (10)", "action_flag": 3, "change_message": ""}}, {"model": "admin.logentry", "pk": 52, "fields": {"action_time": "2024-10-13T19:09:43.485Z", "user": 1, "content_type": 9, "object_id": "8", "object_repr": "Watchlist object (8)", "action_flag": 2, "change_message": "[]"}}, {"model": "admin.logentry", "pk": 53, "fields": {"action_time": "2024-10-13T19:14:13.736Z", "user": 1, "content_type": 9, "object_id": "8", "object_repr": "Watchlist object (8)", "action_flag": 2, "change_message": "[]"}}, {"model": "admin.logentry", "pk": 54, "fields": {"action_time": "2024-10-23T17:32:31.636Z", "user": 1, "content_type": 4, "object_id": "10", "object_repr": "testsignup", "action_flag": 3, "change_message": ""}}, {"model": "admin.logentry", "pk": 55, "fields": {"action_time": "2024-10-23T17:32:36.916Z", "user": 1, "content_type": 4, "object_id": "11", "object_repr": "testsignup2", "action_flag": 3, "change_message": ""}}, {"model": "admin.logentry", "pk": 56, "fields": {"action_time": "2024-10-23T17:44:20.689Z", "user": 1, "content_type": 4, "object_id": "14", "object_repr": "as", "action_flag": 3, "change_message": ""}}, {"model": "auth.permission", "pk": 1, "fields": {"name": "Can add log entry", "content_type": 1, "codename": "add_logentry"}}, {"model": "auth.permission", "pk": 2, "fields": {"name": "Can change log entry", "content_type": 1, "codename": "change_logentry"}}, {"model": "auth.permission", "pk": 3, "fields": {"name": "Can delete log entry", "content_type": 1, "codename": "delete_logentry"}}, {"model": "auth.permission", "pk": 4, "fields": {"name": "Can view log entry", "content_type": 1, "codename": "view_logentry"}}, {"model": "auth.permission", "pk": 5, "fields": {"name": "Can add permission", "content_type": 2, "codename": "add_permission"}}, {"model": "auth.permission", "pk": 6, "fields": {"name": "Can change permission", "content_type": 2, "codename": "change_permission"}}, {"model": "auth.permission", "pk": 7, "fields": {"name": "Can delete permission", "content_type": 2, "codename": "delete_permission"}}, {"model": "auth.permission", "pk": 8, "fields": {"name": "Can view permission", "content_type": 2, "codename": "view_permission"}}, {"model": "auth.permission", "pk": 9, "fields": {"name": "Can add group", "content_type": 3, "codename": "add_group"}}, {"model": "auth.permission", "pk": 10, "fields": {"name": "Can change group", "content_type": 3, "codename": "change_group"}}, {"model": "auth.permission", "pk": 11, "fields": {"name": "Can delete group", "content_type": 3, "codename": "delete_group"}}, {"model": "auth.permission", "pk": 12, "fields": {"name": "Can view group", "content_type": 3, "codename": "view_group"}}, {"model": "auth.permission", "pk": 13, "fields": {"name": "Can add user", "content_type": 4, "codename": "add_user"}}, {"model": "auth.permission", "pk": 14, "fields": {"name": "Can change user", "content_type": 4, "codename": "change_user"}}, {"model": "auth.permission", "pk": 15, "fields": {"name": "Can delete user", "content_type": 4, "codename": "delete_user"}}, {"model": "auth.permission", "pk": 16, "fields": {"name": "Can view user", "content_type": 4, "codename": "view_user"}}, {"model": "auth.permission", "pk": 17, "fields": {"name": "Can add content type", "content_type": 5, "codename": "add_contenttype"}}, {"model": "auth.permission", "pk": 18, "fields": {"name": "Can change content type", "content_type": 5, "codename": "change_contenttype"}}, {"model": "auth.permission", "pk": 19, "fields": {"name": "Can delete content type", "content_type": 5, "codename": "delete_contenttype"}}, {"model": "auth.permission", "pk": 20, "fields": {"name": "Can view content type", "content_type": 5, "codename": "view_contenttype"}}, {"model": "auth.permission", "pk": 21, "fields": {"name": "Can add session", "content_type": 6, "codename": "add_session"}}, {"model": "auth.permission", "pk": 22, "fields": {"name": "Can change session", "content_type": 6, "codename": "change_session"}}, {"model": "auth.permission", "pk": 23, "fields": {"name": "Can delete session", "content_type": 6, "codename": "delete_session"}}, {"model": "auth.permission", "pk": 24, "fields": {"name": "Can view session", "content_type": 6, "codename": "view_session"}}, {"model": "auth.permission", "pk": 25, "fields": {"name": "Can add Token", "content_type": 7, "codename": "add_token"}}, {"model": "auth.permission", "pk": 26, "fields": {"name": "Can change Token", "content_type": 7, "codename": "change_token"}}, {"model": "auth.permission", "pk": 27, "fields": {"name": "Can delete Token", "content_type": 7, "codename": "delete_token"}}, {"model": "auth.permission", "pk": 28, "fields": {"name": "Can view Token", "content_type": 7, "codename": "view_token"}}, {"model": "auth.permission", "pk": 29, "fields": {"name": "Can add Token", "content_type": 8, "codename": "add_tokenproxy"}}, {"model": "auth.permission", "pk": 30, "fields": {"name": "Can change Token", "content_type": 8, "codename": "change_tokenproxy"}}, {"model": "auth.permission", "pk": 31, "fields": {"name": "Can delete Token", "content_type": 8, "codename": "delete_tokenproxy"}}, {"model": "auth.permission", "pk": 32, "fields": {"name": "Can view Token", "content_type": 8, "codename": "view_tokenproxy"}}, {"model": "auth.permission", "pk": 33, "fields": {"name": "Can add watchlist", "content_type": 9, "codename": "add_watchlist"}}, {"model": "auth.permission", "pk": 34, "fields": {"name": "Can change watchlist", "content_type": 9, "codename": "change_watchlist"}}, {"model": "auth.permission", "pk": 35, "fields": {"name": "Can delete watchlist", "content_type": 9, "codename": "delete_watchlist"}}, {"model": "auth.permission", "pk": 36, "fields": {"name": "Can view watchlist", "content_type": 9, "codename": "view_watchlist"}}, {"model": "auth.permission", "pk": 37, "fields": {"name": "Can add stock", "content_type": 10, "codename": "add_stock"}}, {"model": "auth.permission", "pk": 38, "fields": {"name": "Can change stock", "content_type": 10, "codename": "change_stock"}}, {"model": "auth.permission", "pk": 39, "fields": {"name": "Can delete stock", "content_type": 10, "codename": "delete_stock"}}, {"model": "auth.permission", "pk": 40, "fields": {"name": "Can view stock", "content_type": 10, "codename": "view_stock"}}, {"model": "auth.permission", "pk": 41, "fields": {"name": "Can add user profile", "content_type": 11, "codename": "add_userprofile"}}, {"model": "auth.permission", "pk": 42, "fields": {"name": "Can change user profile", "content_type": 11, "codename": "change_userprofile"}}, {"model": "auth.permission", "pk": 43, "fields": {"name": "Can delete user profile", "content_type": 11, "codename": "delete_userprofile"}}, {"model": "auth.permission", "pk": 44, "fields": {"name": "Can view user profile", "content_type": 11, "codename": "view_userprofile"}}, {"model": "auth.user", "pk": 1, "fields": {"password": "pbkdf2_sha256$870000$6RQ9M0zvlINBqeVE1JdIGX$H8q4tTCzOs/lOeDmQs0z7tmijKMace88lpyF4VAqIHw=", "last_login": "2024-10-23T17:29:12.277Z", "is_superuser": true, "username": "amotor95", "first_name": "", "last_name": "", "email": "amotor95@aol.com", "is_staff": true, "is_active": true, "date_joined": "2024-08-17T18:48:28.885Z", "groups": [], "user_permissions": []}}, {"model": "auth.user", "pk": 2, "fields": {"password": "pbkdf2_sha256$870000$hgrIqy0Tr5kwjMRSUCOLnz$Hbq2pIX7ZEZ2i1O+dvhGnuR6NlWCx/bnNi9dsZr7gCQ=", "last_login": null, "is_superuser": true, "username": "maanasp", "first_name": "", "last_name": "", "email": "maanas.pavuluri@gmail.com", "is_staff": true, "is_active": true, "date_joined": "2024-08-19T00:20:39.790Z", "groups": [], "user_permissions": []}}, {"model": "auth.user", "pk": 9, "fields": {"password": "pbkdf2_sha256$870000$wVAXtgCu0q02vEw4PTLkh8$HtJic+VQydoK0gXjlZLUC7WFvCrG9bXtn1zazdkFKxY=", "last_login": null, "is_superuser": false, "username": "saitejv", "first_name": "", "last_name": "", "email": "saitejv@umich.edu", "is_staff": false, "is_active": true, "date_joined": "2024-10-13T05:43:18.795Z", "groups": [], "user_permissions": []}}, {"model": "auth.user", "pk": 12, "fields": {"password": "pbkdf2_sha256$870000$FfNkFa8AcfBHUmtHofk28X$vUHLDfMd/vrGSxAQY4wBXaiCQK5ffJsv8sXj3t2Eu+c=", "last_login": null, "is_superuser": false, "username": "testsignup2", "first_name": "", "last_name": "", "email": "", "is_staff": false, "is_active": true, "date_joined": "2024-10-23T17:33:55.275Z", "groups": [], "user_permissions": []}}, {"model": "auth.user", "pk": 13, "fields": {"password": "pbkdf2_sha256$870000$VLo9Vl6tGcukcnV02VN8wW$3hfNlSo6z+U44YIhymam91Yl1kbFsTPpQ+o39RS8rX0=", "last_login": null, "is_superuser": false, "username": "bhill", "first_name": "", "last_name": "", "email": "", "is_staff": false, "is_active": true, "date_joined": "2024-10-23T17:35:11.701Z", "groups": [], "user_permissions": []}}, {"model": "auth.user", "pk": 15, "fields": {"password": "pbkdf2_sha256$870000$W6wzfWZXPzFvWkc6NT4fnM$HlRHgZiFiMS/rvsnK1H7I9XmZYjZwpwJHzkzykjUnuc=", "last_login": null, "is_superuser": false, "username": "ass", "first_name": "", "last_name": "", "email": "", "is_staff": false, "is_active": true, "date_joined": "2024-10-23T17:40:11.923Z", "groups": [], "user_permissions": []}}, {"model": "auth.user", "pk": 16, "fields": {"password": "pbkdf2_sha256$870000$uIGE5vmxnOQDGgfVoy6zzU$/KeMcshkUHPFxmLOHlGwvnivfKZXrVzTE/fPACpITBk=", "last_login": null, "is_superuser": false, "username": "ass2", "first_name": "", "last_name": "", "email": "", "is_staff": false, "is_active": true, "date_joined": "2024-10-23T17:40:33.541Z", "groups": [], "user_permissions": []}}, {"model": "auth.user", "pk": 17, "fields": {"password": "pbkdf2_sha256$870000$LKFbADrXaEHlkC2A63KmZ4$azGK6GbpAcyCfs9k6gWljBsRtgRrtUiVpXYOpMPlWmM=", "last_login": null, "is_superuser": false, "username": "asd", "first_name": "", "last_name": "", "email": "", "is_staff": false, "is_active": true, "date_joined": "2024-10-23T17:47:32.999Z", "groups": [], "user_permissions": []}}, {"model": "auth.user", "pk": 18, "fields": {"password": "pbkdf2_sha256$870000$5K0v52IzUr8M71mrVk9K7E$tm8Vyvc4Qm9CnLgJ2TTVto+vB/H3sBmH1RwafgSDZRU=", "last_login": null, "is_superuser": false, "username": "dasdasdasd", "first_name": "", "last_name": "", "email": "", "is_staff": false, "is_active": true, "date_joined": "2024-10-23T17:48:57.496Z", "groups": [], "user_permissions": []}}, {"model": "auth.user", "pk": 19, "fields": {"password": "pbkdf2_sha256$870000$2uDjQopoCyTbsSnWhKhZY3$lDl9c/RyEQyA9JL8Kyhvc0Nkaa8fQXmhNQ2hywYqwo8=", "last_login": null, "is_superuser": false, "username": "adsfasfsdaf", "first_name": "", "last_name": "", "email": "", "is_staff": false, "is_active": true, "date_joined": "2024-10-23T17:51:01.647Z", "groups": [], "user_permissions": []}}, {"model": "auth.user", "pk": 20, "fields": {"password": "pbkdf2_sha256$870000$RIpJd13ejDVKeOivOFVSUc$lEE5SsySO5/WZ7zPgv6NQXc1HfJHUi4epJB/bXHrDX8=", "last_login": null, "is_superuser": false, "username": "asdfasdfas", "first_name": "", "last_name": "", "email": "", "is_staff": false, "is_active": true, "date_joined": "2024-10-23T17:53:47.041Z", "groups": [], "user_permissions": []}}, {"model": "auth.user", "pk": 21, "fields": {"password": "pbkdf2_sha256$870000$SYwPXmvsD0i9YwAeM46He6$ccMm32QeqvGX3/hNSMJeY7UGW+xXNV2fq7TqZywNZog=", "last_login": null, "is_superuser": false, "username": "asfadsfasdfa", "first_name": "", "last_name": "", "email": "", "is_staff": false, "is_active": true, "date_joined": "2024-10-23T17:54:25.764Z", "groups": [], "user_permissions": []}}, {"model": "auth.user", "pk": 22, "fields": {"password": "pbkdf2_sha256$870000$lREam0VucZR6jhBZBRh8ma$znajSqH3JPVsriBHERcvY6By0Nzfawj9MPa48HAf0Nw=", "last_login": null, "is_superuser": false, "username": "fasdfasd", "first_name": "", "last_name": "", "email": "", "is_staff": false, "is_active": true, "date_joined": "2024-10-23T17:54:58.047Z", "groups": [], "user_permissions": []}}, {"model": "auth.user", "pk": 23, "fields": {"password": "pbkdf2_sha256$870000$QZUvS926C6VfX11M8aB2X9$Lo+4IZKR8jB86oq2FDP/ugmvt+qzyELddJn7z0jwspQ=", "last_login": null, "is_superuser": false, "username": "dfasfasd", "first_name": "", "last_name": "", "email": "", "is_staff": false, "is_active": true, "date_joined": "2024-10-23T17:55:29.016Z", "groups": [], "user_permissions": []}}, {"model": "auth.user", "pk": 24, "fields": {"password": "pbkdf2_sha256$870000$rRjoYoPVbsF8eslmnnFM3O$BCK/T+jztURm4D0c3YTvcTpfyFkbaMhlo2qmR47ghNw=", "last_login": null, "is_superuser": false, "username": "dfasdfsadaaf", "first_name": "", "last_name": "", "email": "", "is_staff": false, "is_active": true, "date_joined": "2024-10-23T17:56:18.015Z", "groups": [], "user_permissions": []}}, {"model": "auth.user", "pk": 25, "fields": {"password": "pbkdf2_sha256$870000$jJN7CrR6ad7x8EhZ2v0p1b$5YK2QHkHZLQYu9un7473Lu5cOIh58Ms+Cf4CNLOn3Yw=", "last_login": null, "is_superuser": false, "username": "fasdfasdf", "first_name": "", "last_name": "", "email": "", "is_staff": false, "is_active": true, "date_joined": "2024-10-23T17:57:43.675Z", "groups": [], "user_permissions": []}}, {"model": "auth.user", "pk": 26, "fields": {"password": "pbkdf2_sha256$870000$CcAodlC7QoapCbvzJQ5JzG$ZdZANbdLHquafP/ERX5QrFoaFeE2aEZd9MN7Sk7pfdc=", "last_login": null, "is_superuser": false, "username": "fasdfasdfss", "first_name": "", "last_name": "", "email": "", "is_staff": false, "is_active": true, "date_joined": "2024-10-23T18:04:51.750Z", "groups": [], "user_permissions": []}}, {"model": "auth.user", "pk": 27, "fields": {"password": "pbkdf2_sha256$870000$jEBvbFM9EwaO7pG4l9dP0w$wTKqiv+gP6EPSf0GYbigO/ZmFifDMrl6U/MUV1Rb7Vk=", "last_login": null, "is_superuser": false, "username": "hello", "first_name": "", "last_name": "", "email": "", "is_staff": false, "is_active": true, "date_joined": "2024-10-23T18:16:43.874Z", "groups": [], "user_permissions": []}}, {"model": "auth.user", "pk": 28, "fields": {"password": "pbkdf2_sha256$870000$Gd0NipCr3ptTpsWsSt8kZA$2w4YR/3wTxa7JaFzNVGX2eKOaWLE8Qqt/DvLTGr96Zw=", "last_login": null, "is_superuser": false, "username": "jsmith", "first_name": "", "last_name": "", "email": "", "is_staff": false, "is_active": true, "date_joined": "2024-10-23T18:19:28.143Z", "groups": [], "user_permissions": []}}, {"model": "contenttypes.contenttype", "pk": 1, "fields": {"app_label": "admin", "model": "logentry"}}, {"model": "contenttypes.contenttype", "pk": 2, "fields": {"app_label": "auth", "model": "permission"}}, {"model": "contenttypes.contenttype", "pk": 3, "fields": {"app_label": "auth", "model": "group"}}, {"model": "contenttypes.contenttype", "pk": 4, "fields": {"app_label": "auth", "model": "user"}}, {"model": "contenttypes.contenttype", "pk": 5, "fields": {"app_label": "contenttypes", "model": "contenttype"}}, {"model": "contenttypes.contenttype", "pk": 6, "fields": {"app_label": "sessions", "model": "session"}}, {"model": "contenttypes.contenttype", "pk": 7, "fields": {"app_label": "authtoken", "model": "token"}}, {"model": "contenttypes.contenttype", "pk": 8, "fields": {"app_label": "authtoken", "model": "tokenproxy"}}, {"model": "contenttypes.contenttype", "pk": 9, "fields": {"app_label": "watchlist", "model": "watchlist"}}, {"model": "contenttypes.contenttype", "pk": 10, "fields": {"app_label": "stock", "model": "stock"}}, {"model": "contenttypes.contenttype", "pk": 11, "fields": {"app_label": "user_profile", "model": "userprofile"}}, {"model": "sessions.session", "pk": "59g02v6izg0zzp8nmsma6suzdtcc7l69", "fields": {"session_data": ".eJxVjDsOwjAQBe_iGln-4B8lfc5g7Xo3OIAcKU4qxN0hUgpo38y8l8iwrTVvnZc8kbgILU6_G0J5cNsB3aHdZlnmti4Tyl2RB-1ymImf18P9O6jQ67cORgMlVBa8Ck5D5GgKUizkjLEuMJ6dTjCOEb0DQm2L4uB1cpYVGSXeH-AMN78:1sfOTt:D2WSE4lpMLKY0dx93Pd2iIsVDWIk6iMeAVvWEz0pizI", "expire_date": "2024-08-31T18:48:53.957Z"}}, {"model": "sessions.session", "pk": "5m7lac62ovc7qnauyjvj6ic3t9zlbpvf", "fields": {"session_data": ".eJxVjDsOwjAQBe_iGln-4B8lfc5g7Xo3OIAcKU4qxN0hUgpo38y8l8iwrTVvnZc8kbgILU6_G0J5cNsB3aHdZlnmti4Tyl2RB-1ymImf18P9O6jQ67cORgMlVBa8Ck5D5GgKUizkjLEuMJ6dTjCOEb0DQm2L4uB1cpYVGSXeH-AMN78:1smKNa:-OZNrYGrp_xGshvDazkAFeBCkumDPemJwxl_CG93l2U", "expire_date": "2024-09-19T21:51:02.372Z"}}, {"model": "sessions.session", "pk": "8gmvlpai66mf5anupgvud8ve0ewry9ge", "fields": {"session_data": ".eJxVjDsOwjAQBe_iGln-4B8lfc5g7Xo3OIAcKU4qxN0hUgpo38y8l8iwrTVvnZc8kbgILU6_G0J5cNsB3aHdZlnmti4Tyl2RB-1ymImf18P9O6jQ67cORgMlVBa8Ck5D5GgKUizkjLEuMJ6dTjCOEb0DQm2L4uB1cpYVGSXeH-AMN78:1smD7J:foKH-DVLs2ZNEGJX-x_zsCqwwY2zorjNXXfkb0SrUJg", "expire_date": "2024-09-19T14:05:45.110Z"}}, {"model": "sessions.session", "pk": "8u4mjwqihcnsiqwcaveto313zvwe5jbt", "fields": {"session_data": ".eJxVjDsOwjAQBe_iGln-4B8lfc5g7Xo3OIAcKU4qxN0hUgpo38y8l8iwrTVvnZc8kbgILU6_G0J5cNsB3aHdZlnmti4Tyl2RB-1ymImf18P9O6jQ67cORgMlVBa8Ck5D5GgKUizkjLEuMJ6dTjCOEb0DQm2L4uB1cpYVGSXeH-AMN78:1szngx:KKkbDwb4sMwbSwjVKbUTbuX8F7NYCcz5V2MMV0NpoXM", "expire_date": "2024-10-27T01:46:43.024Z"}}, {"model": "sessions.session", "pk": "e0w26jlw6dpvbz060p541swzfkhepq2k", "fields": {"session_data": ".eJxVjDsOwjAQBe_iGln-4B8lfc5g7Xo3OIAcKU4qxN0hUgpo38y8l8iwrTVvnZc8kbgILU6_G0J5cNsB3aHdZlnmti4Tyl2RB-1ymImf18P9O6jQ67cORgMlVBa8Ck5D5GgKUizkjLEuMJ6dTjCOEb0DQm2L4uB1cpYVGSXeH-AMN78:1sfo2W:7z91GwVIMii6pp740JfJH8qDgn_MxczAUJZlLHYequ8", "expire_date": "2024-09-01T22:06:20.521Z"}}, {"model": "sessions.session", "pk": "gt9tekn25pv5gwakq8wykegl32hsa0aj", "fields": {"session_data": ".eJxVjDsOwjAQBe_iGln-4B8lfc5g7Xo3OIAcKU4qxN0hUgpo38y8l8iwrTVvnZc8kbgILU6_G0J5cNsB3aHdZlnmti4Tyl2RB-1ymImf18P9O6jQ67cORgMlVBa8Ck5D5GgKUizkjLEuMJ6dTjCOEb0DQm2L4uB1cpYVGSXeH-AMN78:1t3fAW:7_DkysQf03bXoI1kKN1ebgZzSJLnbZnmHNUunSPIcDk", "expire_date": "2024-11-06T17:29:12.278Z"}}, {"model": "authtoken.token", "pk": "0c5168bc531d9a9c71316baadfe251a884cb2979", "fields": {"user": 20, "created": "2024-10-23T17:53:47.281Z"}}, {"model": "authtoken.token", "pk": "27fd93c5eb62c2dd40e07ccc09c64da2cb454618", "fields": {"user": 23, "created": "2024-10-23T17:55:29.258Z"}}, {"model": "authtoken.token", "pk": "30fce86ae48611bd3564527a3611ba665e621a2b", "fields": {"user": 28, "created": "2024-10-23T18:19:28.379Z"}}, {"model": "authtoken.token", "pk": "43abb8f72b2d5e3bb5c4aa5bfc976746fbd82741", "fields": {"user": 15, "created": "2024-10-23T17:40:12.162Z"}}, {"model": "authtoken.token", "pk": "441d124b8b30afbe5d436b395e6366f69188bba9", "fields": {"user": 13, "created": "2024-10-23T17:35:11.939Z"}}, {"model": "authtoken.token", "pk": "5335b5583be2ac55a1ac60b9169a84437444e0f9", "fields": {"user": 2, "created": "2024-08-27T04:44:37.297Z"}}, {"model": "authtoken.token", "pk": "539517955e642c14d87538267fde9b7d8d6b08c6", "fields": {"user": 12, "created": "2024-10-23T17:33:55.505Z"}}, {"model": "authtoken.token", "pk": "5fec2f4973910ce865af76a3252f7ecdecaebead", "fields": {"user": 21, "created": "2024-10-23T17:54:26.008Z"}}, {"model": "authtoken.token", "pk": "6b55b9148c88f37b443d99f5c65a89bfc9b618b2", "fields": {"user": 25, "created": "2024-10-23T17:57:43.919Z"}}, {"model": "authtoken.token", "pk": "769a08c38ee7560934ced2f3978244c6e31a795d", "fields": {"user": 19, "created": "2024-10-23T17:51:01.883Z"}}, {"model": "authtoken.token", "pk": "81d4a07b9bf80c6dd881afbae4566ab5ddd4b8c4", "fields": {"user": 16, "created": "2024-10-23T17:40:33.777Z"}}, {"model": "authtoken.token", "pk": "9f5be393b39a2fc7ff9844e1e793582739e87689", "fields": {"user": 18, "created": "2024-10-23T17:48:57.731Z"}}, {"model": "authtoken.token", "pk": "a67bc21a2fa2014d77b9e3ee0437180d02ce98ad", "fields": {"user": 9, "created": "2024-10-23T02:12:41.813Z"}}, {"model": "authtoken.token", "pk": "c0982d321c8c025757a9413abfd130f3d0ddd767", "fields": {"user": 22, "created": "2024-10-23T17:54:58.291Z"}}, {"model": "authtoken.token", "pk": "c7e7aea878eb42955387ee76c966aba2b545a8f2", "fields": {"user": 26, "created": "2024-10-23T18:04:51.987Z"}}, {"model": "authtoken.token", "pk": "c94dceac5fac22302f576633a22659c6aef5f650", "fields": {"user": 17, "created": "2024-10-23T17:47:33.239Z"}}, {"model": "authtoken.token", "pk": "d3afa37a61083fcfa8a2070cfb0179c559fbc9cd", "fields": {"user": 27, "created": "2024-10-23T18:16:44.097Z"}}, {"model": "authtoken.token", "pk": "e7ebc28aac5ce1cc3d58680a516aa22442e57f63", "fields": {"user": 24, "created": "2024-10-23T17:56:18.261Z"}}, {"model": "watchlist.watchlist", "pk": 1, "fields": {"name": "Default", "owner": 1, "stocks": "NVDA,TSLA"}}, {"model": "watchlist.watchlist", "pk": 2, "fields": {"name": "Apple Watchlist", "owner": 1, "stocks": "AAPL"}}, {"model": "watchlist.watchlist", "pk": 4, "fields": {"name": "XJANSJDNAJSNDJANSDJAN", "owner": 1, "stocks": "AAPL,NVDA"}}, {"model": "watchlist.watchlist", "pk": 7, "fields": {"name": "HELLO", "owner": 1, "stocks": ""}}, {"model": "watchlist.watchlist", "pk": 8, "fields": {"name": "Default", "owner": 9, "stocks": "AAPL,MSFT,GOOGL,AMZN,TSLA"}}, {"model": "watchlist.watchlist", "pk": 15, "fields": {"name": "HOWDY", "owner": 9, "stocks": "AAPL,NVDA"}}, {"model": "watchlist.watchlist", "pk": 27, "fields": {"name": "dedede", "owner": 9, "stocks": ""}}, {"model": "watchlist.watchlist", "pk": 30, "fields": {"name": "Default", "owner": 12, "stocks": "AAPL,MSFT,GOOGL,AMZN,TSLA"}}, {"model": "watchlist.watchlist", "pk": 31, "fields": {"name": "Default", "owner": 13, "stocks": "AAPL,MSFT,GOOGL,AMZN,TSLA"}}, {"model": "watchlist.watchlist", "pk": 33, "fields": {"name": "Default", "owner": 15, "stocks": "AAPL,MSFT,GOOGL,AMZN,TSLA"}}, {"model": "watchlist.watchlist", "pk": 34, "fields": {"name": "Default", "owner": 16, "stocks": "AAPL,MSFT,GOOGL,AMZN,TSLA"}}, {"model": "watchlist.watchlist", "pk": 35, "fields": {"name": "Default", "owner": 17, "stocks": "AAPL,MSFT,GOOGL,AMZN,TSLA"}}, {"model": "watchlist.watchlist", "pk": 36, "fields": {"name": "Default", "owner": 18, "stocks": "AAPL,MSFT,GOOGL,AMZN,TSLA"}}, {"model": "watchlist.watchlist", "pk": 37, "fields": {"name": "Default", "owner": 19, "stocks": "AAPL,MSFT,GOOGL,AMZN,TSLA"}}, {"model": "watchlist.watchlist", "pk": 38, "fields": {"name": "Default", "owner": 20, "stocks": "AAPL,MSFT,GOOGL,AMZN,TSLA"}}, {"model": "watchlist.watchlist", "pk": 39, "fields": {"name": "Default", "owner": 21, "stocks": "AAPL,MSFT,GOOGL,AMZN,TSLA"}}, {"model": "watchlist.watchlist", "pk": 40, "fields": {"name": "Default", "owner": 22, "stocks": "AAPL,MSFT,GOOGL,AMZN,TSLA"}}, {"model": "watchlist.watchlist", "pk": 41, "fields": {"name": "Default", "owner": 23, "stocks": "AAPL,MSFT,GOOGL,AMZN,TSLA"}}, {"model": "watchlist.watchlist", "pk": 42, "fields": {"name": "Default", "owner": 24, "stocks": "AAPL,MSFT,GOOGL,AMZN,TSLA"}}, {"model": "watchlist.watchlist", "pk": 43, "fields": {"name": "Default", "owner": 25, "stocks": "AAPL,MSFT,GOOGL,AMZN,TSLA"}}, {"model": "watchlist.watchlist", "pk": 44, "fields": {"name": "Default", "owner": 26, "stocks": "AAPL,MSFT,GOOGL,AMZN,TSLA"}}, {"model": "watchlist.watchlist", "pk": 45, "fields": {"name": "Default", "owner": 27, "stocks": "AAPL,MSFT,GOOGL,AMZN,TSLA"}}, {"model": "watchlist.watchlist", "pk": 46, "fields": {"name": "Default", "owner": 28, "stocks": "AAPL,MSFT,GOOGL,AMZN,TSLA"}}, {"model": "stock.stock", "pk": 1, "fields": {"ticker": "NVIDIA", "quantity": 0, "buy_price": "1.00", "owner": 1}}, {"model": "stock.stock", "pk": 2, "fields": {"ticker": "APPLE", "quantity": 0, "buy_price": "1.00", "owner": 1}}, {"model": "stock.stock", "pk": 3, "fields": {"ticker": "S&P 500", "quantity": 0, "buy_price": "1.00", "owner": 1}}, {"model": "stock.stock", "pk": 7, "fields": {"ticker": "AAPL", "quantity": 70, "buy_price": "235.80", "owner": 9}}, {"model": "stock.stock", "pk": 8, "fields": {"ticker": "NVDA", "quantity": 40, "buy_price": "143.30", "owner": 9}}, {"model": "user_profile.userprofile", "pk": 1, "fields": {"user": 1, "cash": "50000.00", "account_value": "50000.00", "leaderboard": true}}, {"model": "user_profile.userprofile", "pk": 2, "fields": {"user": 9, "cash": "1400087.00", "account_value": "1422340.80", "leaderboard": true}}, {"model": "user_profile.userprofile", "pk": 3, "fields": {"user": 17, "cash": "50000.00", "account_value": "50000.00", "leaderboard": true}}, {"model": "user_profile.userprofile", "pk": 4, "fields": {"user": 18, "cash": "50000.00", "account_value": "50000.00", "leaderboard": true}}, {"model": "user_profile.userprofile", "pk": 5, "fields": {"user": 19, "cash": "50000.00", "account_value": "50000.00", "leaderboard": true}}, {"model": "user_profile.userprofile", "pk": 6, "fields": {"user": 20, "cash": "50000.00", "account_value": "50000.00", "leaderboard": true}}, {"model": "user_profile.userprofile", "pk": 7, "fields": {"user": 21, "cash": "50000.00", "account_value": "50000.00", "leaderboard": true}}, {"model": "user_profile.userprofile", "pk": 8, "fields": {"user": 22, "cash": "50000.00", "account_value": "50000.00", "leaderboard": true}}, {"model": "user_profile.userprofile", "pk": 9, "fields": {"user": 23, "cash": "50000.00", "account_value": "50000.00", "leaderboard": true}}, {"model": "user_profile.userprofile", "pk": 10, "fields": {"user": 24, "cash": "50000.00", "account_value": "50000.00", "leaderboard": true}}, {"model": "user_profile.userprofile", "pk": 11, "fields": {"user": 25, "cash": "50000.00", "account_value": "50000.00", "leaderboard": true}}, {"model": "user_profile.userprofile", "pk": 12, "fields": {"user": 26, "cash": "50000.00", "account_value": "50000.00", "leaderboard": true}}, {"model": "user_profile.userprofile", "pk": 13, "fields": {"user": 27, "cash": "50000.00", "account_value": "50000.00", "leaderboard": true}}, {"model": "user_profile.userprofile", "pk": 14, "fields": {"user": 28, "cash": "50000.00", "account_value": "50000.00", "leaderboard": true}}]